{
  "50-60": {
    "exact": 0.34545454545454546,
    "exec": 0.45454545454545453,
    "avg_conf": 55.08104942061684,
    "count": 55
  },
  "60-70": {
    "exact": 0.3333333333333333,
    "exec": 0.5384615384615384,
    "avg_conf": 64.79391195835211,
    "count": 39
  },
  "70-80": {
    "exact": 0.3584905660377358,
    "exec": 0.46226415094339623,
    "avg_conf": 75.21846941057241,
    "count": 106
  },
  "80-90": {
    "exact": 0.368,
    "exec": 0.536,
    "avg_conf": 85.33178866386413,
    "count": 125
  },
  "90-100": {
    "exact": 0.7326589595375722,
    "exec": 0.7933526011560693,
    "avg_conf": 96.25533391113225,
    "count": 692
  }
}